,000,100,1895,1905,1907,1912,1913,1958,1974,2000,2002,2019,66,665,700,afbrigð,afbrigði,afgr,afvopnunarviðræður,agnúi,aldraður,allmikill,altaf,alþingiskosning,alþur,atkvæði,atvinnuvegur,auk,aðalhæli,aðalmaður,aðstaða,bandalagsþjóð,bankaeftirlit,barn,barnalegur,barnaverndarnefnd,basar,beina,bekkur,benedikt,biðja,biðtími,bjarnason,björgun,blanda,borinn,borizta,botna,breyting,breytingartillaga,breytingaráákvæði,brtill,bræðraþjóð,bríet,bygging,byggðaáætlun,byrjunarframkvæmd,bæjarstjórn,bókaútgáfa,dagsbrún,dagskrármál,dagskrártill,deild,deildur,dmur,dreifbýli,dreifður,drekka,drykkur,dómskerfi,dómsmál,dýraverndunarfélag,ed,efh,efnahagsaðgerð,efri,eftirlitsskylda,eg,einfaldlega,einkamál,eldhúsdagsumræða,endurnýjanlegur,endurtaka,endurvarpsstöð,eol,evrópubandalagið,evrópusamband,evrópusamstarf,eysteinn,eð,fagfólk,faglegur,fallizta,fenginn,ferðamálaráð,ferðareikningur,ferðaskrifstofa,finda,finnskur,fiskveiðilögsaga,fje,fjelag,fjhn,fjmrn,fjárhagsráð,fjárlaga,fjárlagaliður,fjárlaganefnd,fjármagnseigandi,fjölmiðill,fjölskylda,fjölyrða,flmur,flokkur,forseti,forsrh,framboð,framfylgja,framgangur,framhaldsskóli,framkvæmdavald,frarn,freista,frestun,friður,frumv,frumvarp,frumvöpin,frú,fulltrúi,funda,fundarsköp,fundartími,fundur,fyr,fyrirspyrjandi,fyrirsögn,fyrramál,fyrrverandi,fyrverandi,fámennur,fáviti,færeyingur,félag,félagsheimilasjóður,fölskvalaus,gagnagrunnur,garður,garðyrkjubóndi,gat,get,geymir,gildistími,gjald,gjalda,grip,grunnnet,grænn,gröndal,guma,guttormsson,hafrannsóknastofnun,hagsmunagæsla,hagstæður,hagsýslustofnun,hans,happdrætti,happdrættisseðill,hefa,heilbrigðiskerfi,heilbrigðisnefnd,heilbrigðisráðherra,heilbrigðisstofnun,heildarinnistæða,heilsuspillandi,heimilisiðnaðarfjelag,heimilisiðnaður,helga,henda,heyrnarmæling,hjer,hjörleifur,hlutafjelagsbanki,hluttekning,hlíðar,hlýlegur,hreppsnefnd,hringja,hrun,háskólabókasafn,háskólafrvur,háskólakerfi,hátign,háttv,háttvirtur,hæli,hætta,hérað,húnvetningur,húsnæði,húsnæðismálastofnun,ingibjörg,innanlandsflugvöllur,innfærð,iðnaðarmaður,iðnfræðsluráð,iðngrein,iðnnemi,jafnlaunaráð,jeg,jj,jón,jónsson,jörð,júní,kannski,kennsluflug,kensla,kerfi,keyra,kirkja,kjarasamningsgerð,kjördagur,kjörskrá,klára,kona,konungur,kosning,kosningalög,kosningarréttur,kostnaður,króna,kvennaskóli,kvensjúkdómafræðingur,kvöldfundur,lagasetning,lamb,landleið,landlæknisembættið,landsbyggð,landsbókasafn,landvörður,langa,laun,launalög,launaskattur,launastétt,leiðrétta,leyfa,leyfð,listaháskóli,listi,ljúka,lofa,loforð,losa,losun,lyfjabúð,lán,lántaka,lárusdóttir,látiza,læknir,læknishérað,læknisskoðun,lífeyrissjóður,lögbundinn,manneldismarkmið,markmið,mataröryggi,meginefnisatriði,meintur,menningarfélag,menntaskóli,meðal,mikilvægi,mikilvægur,minnka,misræmi,mistaka,miðlægur,mj,mjer,mjera,morgunblað,mælendaskrá,míla,nefnd,nefndarmaður,nefndarálit,nei,nemandi,netsamband,nm,norðurál,námsgrein,námstími,náttúruvernd,núll,nýbreytni,nýta,oecd,orkugjafi,orkustofnun,paasikivi,piltur,plagg,prentaður,prestsembætti,prestssetur,prestur,pálmason,pólitískur,póstlöglag,rammaáætlun,rekstrarstaða,reykjavíkurborg,ruglingur,ráðgast,ráðuneyti,ræsting,ræðumaður,réttindamissir,ríkisstjórn,rísa,róttækur,rökstuddur,safn,salome,salur,sambandsmál,samfylking,samgrn,samráð,samþykja,samþykt,sannfæring,se,siglingalag,sigurður,sje,sjer,sjerstaklega,sjálfstæðismaður,sjálfstæðisráðherra,sjávarafurð,sjómannastofa,sjónvarp,sjóður,sjútvn,skammtur,skepna,skifti,skilningur,skjal,skorinn,skrifl,skrásetning,skuldastaða,skulu,skáli,skírskota,skýr,sleppa,slíta,sparisjóðsbók,spilla,stanga,starfsmaður,staða,staðbundinn,stig,sting,stjórn,stjórnarfrumvarp,stjórnarskrárbundinn,stjórnlagaþing,stjórnmálaflokkur,stjórnmálamaður,stjórnsýsla,stjórnsýslustofnun,stjórnvald,styrkur,stéttarfélag,stöð,stúlka,sund,sv,sveit,sveitarfélag,svikinn,sársauki,sókn,sóknaráætlun,sýsla,tefja,tekjustofn,tel,tilhneiging,tilsettur,togari,tækniráð,tækniskóli,tímamark,tímarammi,tíðræddur,umgengni,umhverfisáhrif,umræða,undanþága,undirbúningsdeild,ungur,uppbygging,upplýstur,uppskrúfaður,utanríkismálanefnd,varamaður,varhugi,varnarþing,vatnsmýri,velferðarstjórn,velta,verkalýðsfélag,verkalýðshreyfing,verkalýður,verkefnaskrá,verkfræðistofa,verkfæri,verksmiðja,verslunarráð,verð,verðlag,verðtryggður,vettvangur,veðrará,vil,vinstri,virkja,virðulegur,vit,viðskn,vonbrigði,vísinda,vörubíll,yfirborð,yfirlýsing,yfirstandandi,áburðarverksmiðja,áburðarverð,ábyrgðarhluti,álver,ályktun,árekstur,árnaðarósk,árnesingur,árslok,áskorun,ásökun,ég,íhaldssemi,íslenskur,íþróttamaður,íþróttasamskipti,óefað,ómögulega,ónafnskráður,óralangur,öfgar,öfgasjónarmið,öl,öryrkjahæli,útbýta,útflutningsiðnaður,útgáfa,útsala,útvarpsstjóri,þakka,þingakap,þingdeildarmur,þinglegur,þingmaður,þingmálafundur,þingnefnd,þingsköp,þingsályktunartillaga,þjóðabandalag,þjóðaratkv,þjóðaratkvgr,þjóðaratkvæðagreiðsla,þjóðkirkja,þjóðskjalasafn,þm,þolinmæðisverk,þorkelsdóttir,þorri,þága,þóknanlegur,þúsund,þýzkaland,þýðingarlítill
1910,0.0,0.0,0.11929237938969066,0.12899956699954954,0.12899956699954954,0.0,0.11929237938969066,0.0,0.0,0.0,0.0,0.0,0.12899956699954954,0.0,0.0,0.0,0.2683604756403103,0.0,0.0,0.0,0.0,0.0,0.0,0.0,0.0,0.34252684614990814,0.0,0.025125613091210378,0.0,0.0,0.0,0.0,0.0,0.0,0.11148721694766275,0.0,0.0,0.0,0.0,0.0,0.0,0.0,0.0,0.12899956699954954,0.09714546460534192,0.0,0.0,0.0,0.28620564120776304,0.060150358884686415,0.12899956699954954,0.08432122218105041,0.0,0.0,0.0,0.0,0.0,0.0,0.0,0.0,0.0,0.0,0.5127608486139317,0.0,0.0,0.0,0.0,0.0,0.0,0.0,0.0,0.0,0.2977641429387648,0.0,0.0,0.0,0.0,1.4850844935994933,0.0,0.11929237938969066,0.0,0.0,0.0,0.0,0.0,0.0,0.0,0.0,0.0,0.0,0.0,0.0,0.0,0.23102933594697564,0.0,0.3449550133918668,0.0,0.0,0.0,0.0,0.0,0.0,0.0,0.0,0.0,0.0,0.0,0.0,0.0,0.0,0.0,0.0,0.0,0.0,0.14708837167272865,0.0,0.0,0.0,0.0,0.0,0.0,0.11148721694766275,0.0,0.0,0.0,0.33219640949308515,0.21412553865582462,0.12899956699954954,0.0,0.0,0.0,0.0,0.0,0.057635550318358604,0.1669337634855501,0.0,0.0,0.0,0.0,0.0,0.0,0.0,0.0,0.0,0.0,0.0,0.0,0.0,0.0,0.0,0.0,0.12899956699954954,0.0,0.0,0.0,0.0,0.0,0.0,0.0,0.0,0.0,0.0,0.0,0.0,0.0,0.12899956699954954,0.0,0.0,0.0,0.0,0.0,0.0,0.0,0.0,0.0,0.0,0.0,0.0,0.0,0.0,0.09581047334690816,0.0,0.12899956699954954,0.0,0.0,0.0,0.0,0.0,0.0,0.0,0.0,0.0,0.12899956699954954,0.9134018080607531,0.12899956699954954,0.0,0.25774764338254164,0.07559059588091195,0.11148721694766275,0.0,0.0,0.0,0.0,0.0,0.0,0.0,0.0,0.0,0.0,0.9406452337214926,0.0,0.0,0.0,0.0,0.0,0.0,0.0,0.0,0.0,0.0,0.11458320968828195,0.0,0.0,0.0,0.0,0.3270496433457095,0.11929237938969066,0.0,0.0,0.08432122218105041,0.0,0.0,0.0,0.0,0.0,0.0,0.0,0.0,0.0,0.0,0.0,0.0,0.0,0.0,0.0,0.0,0.0,0.1850569031928644,0.23710317258920377,0.29019779247009414,0.0,0.0,0.0,0.4437803864522722,0.08875607729045444,0.0,0.0,0.0,0.0,0.0,0.0,0.0,0.0,0.0,0.0,0.0,0.0,0.0,0.0,0.0,0.0,0.0,0.0,0.0,0.2104119675231218,0.0,0.0,0.0,0.0,0.0,0.0,0.0,0.0,0.23858475877938132,0.0,0.0,0.0,0.3384980819240536,0.0,0.2716116997495305,0.0,0.0,0.0,0.0,0.0,0.0,0.0,0.0,0.0,0.10282396870043986,0.0,0.0,0.0,0.0,0.0,0.0,0.0,0.11929237938969066,0.13806092003780593,0.0,0.17187481453242293,0.0,0.0,0.12899956699954954,0.0,0.0,0.0,0.0,0.0,0.0,0.0,0.0,0.13806092003780593,0.0,0.06383593385277488,0.0,0.2276380524830492,0.0,0.0,0.0,0.33446165084298823,0.0,0.0,0.1747124936965254,0.08432122218105041,0.12899956699954954,0.0,0.0,0.12899956699954954,0.0,0.24866431664354938,0.0,0.0,0.0,0.0,0.0,0.0,0.0,0.0,0.0,0.0,0.0,0.11929237938969066,0.0,0.0,0.0,0.0,0.11929237938969066,0.0,0.4430880282693987,0.0,0.11240502017322886,0.0,0.0,0.274622101695401,0.0,0.13006595746901597,0.0,0.0,0.0,0.0,0.0,0.3449550133918668,0.019992031929061488,0.12899956699954954,0.0,0.0,0.0,0.0,0.0,0.0,0.0,0.0,0.0,0.0,0.0,0.0,0.11148721694766275,0.03657492172781172,0.0,0.0,0.0,0.0,0.0,0.09848921315411463,0.21250779163698136,0.0,0.0,0.0,0.0,0.0,0.0,0.0,0.0,0.0,0.0,0.0,0.0,0.648907943031974,0.0,0.0,0.0,0.0,0.0,0.3449550133918668,0.0,0.0,0.0,0.12899956699954954,0.0,0.0,0.0,0.0,0.0,0.0,0.0,0.0,0.0,0.0,0.0,0.0,0.0,0.0,0.0,0.0,0.0,0.0,0.0,0.0,0.0,0.0,0.0,0.0,0.0,0.0,0.0,0.0,0.0,0.0,0.2276380524830492,0.0,0.0,0.12899956699954954,0.0,0.09848921315411463,0.0,0.0,0.0,0.39726019314303523,0.08432122218105041,0.0,0.0,0.0,0.3189972283400152,0.0,0.0,0.0,0.0,0.0,0.0,0.0,0.11929237938969066,0.0,0.0,0.0,0.0,0.0,0.29019779247009414,0.12899956699954954,0.0,0.21012498521643344,0.14208586448044025,0.0,0.0,0.0,0.0,0.0,0.0,0.0,0.12030071776937283,0.0,0.045434740236272544,0.0,0.0,0.25286665277675946,0.0,0.11929237938969066,0.0,0.0,0.25850497725050636
1920,0.0,0.17211922301232677,0.0,0.0,0.0,0.11385628515685106,0.0,0.0,0.0,0.010628838148138656,0.0,0.0,0.0,0.0,0.0,0.0,0.0,0.0,0.0,0.21465224647022035,0.0,0.26235244860177925,0.23418279893837574,0.0,0.0,0.1036733442604009,0.0,0.0932402606786472,0.0,0.0,0.009451242429142597,0.0,0.0,0.15917286981312764,0.0,0.0,0.18468168160304535,0.20911229997790517,0.013960460004910547,0.0,0.0,0.0,0.20488723486830576,0.0,0.0,0.0,0.0,0.0,0.07309949383996509,0.0,0.0,0.0,0.0,0.17285178414440325,0.30008028853024804,0.0,0.0,0.0,0.0,0.0,0.0,0.0,0.12288437369999994,0.1126084819439176,0.0,0.0,0.0,0.0,0.0,0.0,0.0,0.0,0.0,0.0,0.0,0.013960460004910547,0.0,0.0,0.0,0.0,0.0,0.0,0.0,0.0,0.0,0.0,0.0,0.0,0.0,0.0,0.0,0.0,0.0,0.010195501642008463,0.0,0.0,0.0,0.1521345119770322,0.0,0.0,0.096859724058408,0.3367906910712682,0.0,0.0,0.0,0.0,0.0,0.0,0.0,0.0,0.0,0.02362390410345127,0.0,0.0,0.0624116164072023,0.0,0.15984472732696128,0.0,0.0,0.0,0.0,0.0,0.0,0.0,0.0,0.0,0.0,0.0,0.18830879861617406,0.041490373053410995,0.0,0.0,0.0,0.04487293549217052,0.0,0.0,0.0,0.0,0.0,0.16794279508652812,0.0,0.0,0.0,0.0,0.0,0.0,0.0,0.0,0.0,0.013960460004910547,0.12095690318080889,0.0,0.0,0.0,0.0,0.013960460004910547,0.0,0.0,0.0,0.0,0.0,0.0,0.0,0.0,0.0,0.0,0.14413355301137729,0.14413355301137729,0.20695602710280164,0.0,0.0,0.0,0.0,0.0,0.0,0.15390140133587113,0.1231211210686969,0.0,0.0,0.0,0.6636183691892975,0.0,0.0,0.0,0.0,0.0,0.0,0.0,0.0,0.0,0.0,0.0,0.0,0.011212436939007456,0.0,0.0,0.08959502858006857,0.0,0.0,0.052404115634125205,0.0,0.21110019147931858,0.0,0.2679824436962225,0.0,0.0,0.0,0.0,0.0,3.16891614827268,0.27173637988702265,0.13183437456293287,0.0,0.0,0.0,0.0,0.0,0.20881762257204206,0.0,0.0,0.0,0.0,0.037654018411934075,0.0,0.0,0.4340104467450042,0.07105772066978334,0.0909165474243078,0.03996118183174032,0.0,0.18943153533663756,0.25424760282371195,0.15356506005401602,0.0,0.0,0.0,0.0,0.0,0.0,0.0,0.04737181377985557,0.0,0.0,0.009644542131049797,0.0,0.0,0.0,0.0,0.10972504562700348,0.0,0.0,0.3012321472954726,0.028217522134023437,0.06628106567591577,0.13256213135183154,0.0,0.0,0.0,0.02362390410345127,0.0,0.0,0.0,0.029560775453804998,0.0,0.1155468142858988,0.0,0.0,0.0,0.0,0.0,0.0,0.0,0.0,0.0,0.009451242429142597,0.0,0.0,0.0,0.0,0.0,0.0,0.0,0.7360165273196586,0.011842953444963892,0.0,0.0,0.0,0.17609248135502542,0.03196590038298218,0.08189441819219112,0.020152862789277932,0.3842006169315069,0.0,0.0,0.0,0.13615066498415954,0.19904509487882038,0.0,0.0,0.0,0.0,0.0,0.0,0.0,0.0,0.0,0.0,0.0,0.0,0.0,0.0,0.0,0.0,0.0,0.0,0.0,0.0,0.2679824436962225,0.0,0.0,0.09481243624881958,0.0,0.0,0.008508536586681308,0.0,0.0,0.0,0.03347759750544854,0.0,0.0,0.0,0.0,0.0,0.0,0.0,0.0,0.0,0.13586818994351132,0.0,0.0,0.57218525436714,0.4800383142554491,0.096859724058408,0.0,0.0,0.0,0.0,0.0,0.04208390147074307,0.0,0.0,0.0,0.011842953444963892,0.24011300928904641,0.1658013482294945,0.0,0.0,0.03552886033489167,0.0,0.2458397615510216,0.0,0.0,0.0,0.0,0.8365565126315176,0.0,0.0,0.0,0.010320214163382134,0.0,0.0,0.010076431394638966,0.0,0.4612626543677194,0.0,0.0,0.0,0.0,0.0,0.0,0.0,0.0,0.11351789845969944,0.0,0.0,0.025058524557293755,0.3851560476196627,0.0,0.0,0.0,0.0,0.0,0.0,0.0,0.0,0.0,0.0,0.2702227260499644,0.0,0.0,0.0,0.0,0.0,0.0,0.0,0.0,0.0,0.0,0.5320867695430006,0.0,0.0,0.009451242429142597,0.0,0.0,0.0,0.0,0.0,0.0,0.0,0.0,0.0,0.0,0.0,0.0,0.0,0.0,0.0,0.0,0.0,0.0,0.017962772690366446,0.0,0.0,0.0,0.0,0.35732818313055736,0.0,0.0,0.0,0.0,0.0,0.0,0.0,0.0,0.0,0.0,0.0,0.0,0.0,0.0,0.0,0.0,0.0,0.0,0.0,0.0,0.0,0.0,0.12380011782876901,0.0,0.1860575426454807,0.0,0.0,0.035617314403108814,0.0,0.0,0.0,0.0,0.0,0.0,0.0,0.0,0.0,0.0,0.2462422421373938,0.0,0.0,0.0,0.0,0.0,0.008378199858246343,0.0,0.0,0.0,0.0,0.0,0.0,0.0,0.0,0.0,0.011842953444963892,0.023284398959240105,0.0,0.0,0.0,0.010195501642008463,0.0,0.22949229734976903,0.0,0.0
1930,0.0,0.01260354055547351,0.017468996544075556,0.0,0.0,0.017468996544075556,0.0,0.0,0.0,0.168280636575868,0.0,0.0,0.0,0.0,0.0,0.0,0.0,0.030667015747626637,0.0,0.0,0.04852117609983176,0.0,0.0,0.0,0.020817746310595166,0.0,0.0,0.016479216240665187,0.0,0.0,0.02366046999020302,0.0,0.0,1.1478128826308518,0.0,0.2155788285148055,0.0,0.0,0.0,0.0,0.032958409169614206,0.0,0.0,0.0,0.01379485033939668,0.040157455607183506,0.031356221695919825,0.0,0.019541431606512345,0.0,0.0,0.0,0.0,0.0,0.0,0.0,0.0,0.0,0.0,0.0,0.0,0.0,0.06262385391021254,0.0,0.0,0.0,0.0,0.2936157140291321,0.19087085371852097,0.0,0.0,0.19439788950492862,0.0,0.0,0.0,0.0,0.0,0.0,0.0,0.0,0.0,0.0,0.028535697746464684,0.0,0.0,0.0,0.0,0.0,0.0,0.04099972502693542,0.0,0.0,0.0,0.01260354055547351,0.0,0.0,0.0,0.0,0.0,0.0,0.0,0.0,0.7320616823377929,0.0,0.0,0.0,0.0,0.0,0.0,0.0,0.024788922975934338,0.045479514870435056,0.0,0.020618311072639905,0.0573798171261446,0.0,0.0,0.0,0.0,0.0,0.0,0.0,0.0,0.0,0.019174706089942647,0.0,0.0,0.0,0.0,0.0,0.0,0.0,0.0,0.05510066258867757,0.0,0.0,0.0,0.0,0.0,0.0,0.030667015747626637,0.3502367817192709,0.0,0.0,0.0,0.0,0.0,0.0,0.0,0.0,0.0,0.0,0.0,0.0,0.0,0.0,0.0,0.0,0.0,0.0,0.0,0.0,0.0,0.0,0.0,0.0,0.0,0.0,0.0,0.0,0.0,0.0,0.0,0.0,0.0,0.0,0.0,0.23955166003046394,0.0,0.0,0.0,0.0,0.0,0.0,0.0,0.0,0.014640098082587632,0.0,0.0,0.0,0.0,0.0,0.0,0.0,0.0,0.396214431975396,0.21619969942174266,0.03332888927460743,0.0,0.021645267782305088,0.0,0.0,0.0,0.0,0.0,0.0,0.37106449159206384,0.22929094280396944,0.0,0.0,0.0,0.0,0.0,0.07872838679891692,0.0,0.0,0.0,0.0,0.0,0.0,0.013139225254564313,0.0,0.0,0.0,0.0,0.8412728283801248,0.0,0.0,0.0,0.0,0.06204755812746289,0.0,0.04392029424776289,0.0,0.0,0.0,0.359538986475173,0.0,0.0,0.0,0.0,0.0,0.08040160332965172,0.03785672642975689,0.0,0.0,0.0,0.0,0.061362531105875515,0.0,0.0,0.0,0.8973468141387244,0.015038916075879712,0.0,0.0,0.0,0.0,0.058012133939734874,0.0,0.16865496573150812,0.0,0.27386632702426283,0.0,0.0,0.0,0.0,0.0,0.0,0.0,0.0,0.0,0.0,0.0,0.014590648945424733,0.0,0.0,0.015863697115084823,0.0,0.0,0.0,0.0,0.0,0.0,0.041974268999801584,0.0,0.0,0.08296311640754266,0.0,0.0,0.038261181848068815,0.04757481728308173,0.0,0.0,0.0,0.0,0.05300921308458054,0.0,0.0,0.0,0.0,0.0,0.0,0.0,0.0,0.01522768616170743,0.0,0.0,0.0,0.0,0.06622347602723573,0.0,0.0,0.0,0.0,0.0,0.0,0.0,0.0,0.0,0.0,0.08066994675250279,0.0,0.0,0.0,0.0,0.0,0.0,0.0,0.01736316288021754,0.0,0.0,0.0,0.0356650915975838,0.0,0.0,0.0,0.0,0.0,0.0,0.0,0.0,0.0,0.0,0.0,0.0,0.0,0.0,0.010822633891152544,0.0,0.0,0.19439788950492862,0.0,0.08307090392759192,0.0,0.0,0.0,0.0,0.0,0.14912864695328942,0.0,0.01379485033939668,0.013617410128250228,0.0,0.0,0.0,0.0,0.0,0.021645267782305088,0.0,0.0,0.010991094480666526,0.0,0.04566454763727988,0.0,0.0,0.0,0.0,0.0,0.0,0.0,0.0,0.4140038344575907,0.0,0.0,0.16353282332050476,0.0,0.0,0.26909091674985103,0.0,0.0,0.2915968342573929,0.0,0.0,0.0,0.0,0.0,0.015038916075879712,0.2032872058493865,0.0,0.0,0.0,0.0,0.0,0.0,0.0,0.0,0.0,0.0,0.06441478893706024,0.0,0.4344143807086898,0.0,0.0,0.0,0.0,0.0,0.0,0.0,0.0,0.0,0.0,0.0,0.0,0.04757481728308173,0.0,0.0,0.0,0.0,0.0,0.0,0.0,0.0,0.0,0.0,0.0,0.0,0.0,0.0,0.024788922975934338,0.0,0.0,0.0,0.0,0.0,0.03378263267391067,0.0,0.0,0.0,0.0,0.0,0.0,0.0,0.0,0.0,0.0,0.0,0.0,2.432139700764859,0.0,0.0,0.0,0.0,0.0,0.0,0.0,0.0,0.0,0.0,0.2936157140291321,0.0,0.0,0.0,0.0,0.0,0.0,0.010817949911568219,0.0,0.0,0.0,0.0,0.0,0.0,0.0,0.0,0.36128251997235616,0.0,0.0,0.0,0.01379485033939668,0.0,0.01297797242676341,0.0,0.0,0.0,0.0,0.0,0.01310939032118698,0.20159456893584815,0.0
1940,0.0,0.0,0.0,0.0,0.0,0.0,0.0,0.0,0.0,0.0,0.0,0.0,0.0,0.25472528533405214,0.0,0.34602187923150624,0.15776089869371535,0.25597947169519436,0.0,0.0,0.0,0.018647685272272545,0.0,0.0,0.2749760106500982,0.0,0.0,0.39943265831877756,0.0,0.35144516653535235,0.0,0.0,0.0,0.0,0.0,0.0,0.0,0.15314482183805997,0.0,0.0,0.0,0.0,0.0,0.0,0.0,0.34602187923150624,0.31054842587685894,0.0,0.0,0.0,0.0,0.0,0.0,0.0,0.06446900778634011,0.0,0.0,0.0,0.0,0.0,0.0,0.0,0.14136682142658452,0.0,0.17059838796968316,0.25903897865171244,0.0,0.0,0.0,0.0,0.0,0.0,0.0,0.0,0.0,0.23555726646991818,0.0,0.0,0.0,0.0,0.0,0.0,0.04563855926367527,0.0,0.40871772400375506,0.0,0.0,0.0,0.0,0.31256286866093425,0.0,0.0,0.0,0.0,0.0,0.0,0.0,0.0,0.0,0.0,0.0,0.0,0.06872774914860462,0.044433504097872285,0.22296101208766356,0.0,0.0,0.0,0.0,0.0,0.0,0.2890455349289002,0.2933356668590566,0.14668305234022752,0.2193803276803858,0.0,0.0,0.0,0.31256286866093425,0.0,0.06475974466292811,0.0,0.0,0.0,0.0,0.0,0.0,0.0,0.0,0.0,0.0,0.0,0.0,0.24006462510119764,0.0,0.0,0.25472528533405214,0.0,0.0,0.0,0.0,0.0,0.0,0.0,0.0,0.0,0.0,0.0,0.0,0.23555726646991818,0.0,0.0,0.0,0.03350307977463088,0.3464834409014806,0.0,0.0,0.0,0.0,0.0,0.0,0.0,0.0,0.0,0.0,0.0,0.0,0.0,0.0,0.0,0.0,0.0,0.0,0.0,0.0,0.0,0.0,0.0,0.0,0.0,0.0,0.0,0.0,0.0,0.3464834409014806,0.0,0.0,0.0,0.0,0.0,0.17059838796968316,0.0,0.0,0.0,0.0,0.0,0.048895755274061675,0.0,0.0,0.0,0.0,0.0,0.0,0.0,0.18661856468722557,0.20180429095213434,0.0622061882290752,0.0,0.0,0.0,0.0,0.31256286866093425,0.0,0.0,0.0,0.0,0.0,0.0,0.0,0.0,0.0,0.0,0.0,0.0,0.0,0.0,0.0,0.0,0.0,0.0,0.013413847395935577,0.12584299521428416,0.0,0.0,0.0,0.0,0.0,0.0,0.0,0.0,0.0,0.0,0.0,0.0,0.0,0.041626929918584674,0.0,0.0,0.033883482155458354,0.0,0.0,0.3062351444507407,0.0,0.0,0.0,0.0,0.0,0.0,0.0,0.0,0.0,0.0,0.0,0.0,0.0,0.0,0.0,0.0,0.01688507183721436,0.0,0.0,0.0,0.0,0.0,0.014664441530397134,0.0,0.0,0.0,0.0,0.0,0.0,0.2933356668590566,0.0,0.0,0.0,0.0,0.0,0.034321569318629785,0.0,0.0,0.4012885310138001,0.0,0.0,0.32654860391452856,0.0,0.0,0.0,0.0,0.0,0.0,0.03493953267418744,0.0,0.0,0.0,0.0,0.25619334352933204,0.0,0.0,0.0,0.17886689770753014,0.2968999951717273,0.5841386980797384,0.0,0.0,0.0,0.0,0.0,0.0,0.0,0.0,0.0,0.0,0.0,0.0,0.0,0.0,0.0,0.0,0.0,0.0,0.0,0.0,0.0,0.0,0.0,0.0,0.0,0.0,0.0,0.2875628001860354,0.0,0.0,0.0,0.0,0.0,0.19108954125865416,0.0,0.0,0.0,0.3531172637621085,0.0,0.0,0.0,0.0,0.0,0.0,0.374178743198849,0.0,0.0,0.1644074795926011,0.3212266687036203,0.02041029870733073,0.0,0.0,0.0,0.0,0.0,0.3464834409014806,0.0,0.0,0.0,0.0714696756613787,0.0,0.33490460976802533,0.0,0.0,0.0,0.10833299965302641,0.0,0.0,0.0,0.0,0.0,0.0,0.0,0.22992892741309412,0.0,0.0,0.0,0.0,0.0,0.0,0.0,0.0,0.0,0.03666536625627494,0.0,0.0,0.0,0.0,0.0,0.0,0.0,0.0,0.0,0.0,0.0,0.0,0.02319056373034807,0.06475974466292811,0.0,0.21555673401275405,0.0,0.0,0.0,0.0,0.2342967776902349,0.3464834409014806,0.0,0.0,0.0,0.0,0.0,0.0,0.0,0.0,0.0,0.0,0.0,0.0,0.31406095387481175,0.03595514148979547,0.0,0.0,0.0,0.03350307977463088,0.0,0.0,0.0,0.0,0.0,0.0,0.0,0.0,0.0,0.0,0.0,0.0,0.0,0.0,0.0,0.2114084186484246,0.0,0.0,0.0,0.0,0.17059838796968316,0.0,2.0423518095188773,0.0,0.0,0.0,0.0,0.0,0.0,0.0,0.0,0.0,0.0,0.0,0.0,0.0,0.0,0.0,0.0,0.0,0.0,0.0,0.0,0.17059838796968316,0.0,0.0,0.0,0.0,0.0,0.0,0.0,0.0,0.0,0.0,0.0,0.1585003414522755,0.0,0.0,0.0,0.0,0.0,0.0,0.0,0.0
1950,0.0,0.0,0.0,0.0,0.0,0.0,0.0,0.0,0.0,0.0,0.0,0.0,0.0,0.0,0.0,0.27160586911826473,0.0,0.07333901317196002,0.0,0.0,0.0,0.0,0.0,0.0,0.12444806481033736,0.01001637973939428,0.0,0.07077000191625717,0.0,0.0,0.02540979542137336,0.0,0.0,0.0,0.0,0.0,0.0,0.01969217316942292,0.0,0.0,0.30990809651275786,0.0,0.027570217360623924,0.0,0.0,0.0,0.17903400741230116,0.0,0.17861751069661977,0.0,0.0,0.0,0.21571746723311985,0.0,0.08351018336130932,0.0,0.0,0.39824347377870584,0.0,0.18503064174054434,0.0,0.25249853419652685,0.06348619002167114,0.0,0.0,0.0,0.0,0.0,0.0,0.0,0.0,0.0,0.0,0.0,0.0,0.0,0.0,0.0,0.0,0.0,0.29370727359153004,0.0,0.05174106553754924,0.0,0.0,0.0,0.0,0.0,0.41279626658277385,0.0,0.0,0.0,0.16974183194446804,0.0,0.0,0.0,0.0,0.0,0.21571746723311985,0.0,0.0,0.0,0.0,0.0,0.0,0.0,0.0,0.0,0.0,0.0,0.023035010033116178,0.0,0.0,0.3866870208029502,0.1632821995979454,0.2476285209382895,0.012089052085193354,0.0,0.010849707260529558,0.0,0.0,0.0,0.0,0.25592467308975747,0.010407365946146422,0.0,0.0,0.0,0.0,0.0277371394289111,0.0,0.29370727359153004,0.0,0.023602264422950877,0.0,0.38392445017567095,0.0,0.0,0.19948477766786887,0.0,0.01139108927547142,0.0,0.0,0.4609148829765707,0.4054678967617266,0.0,0.0,0.020435387977676203,0.0,0.0,0.0,0.0,0.0,0.0,0.0,0.0,0.0,0.0,0.0,0.0,0.0,0.0,0.0,0.0,0.0,0.0,0.0,0.0,0.0,0.0,0.0,0.0,0.0,0.0,0.0,0.0,0.0,0.0,0.0,0.0,0.0,0.0,0.0,0.4314349344662397,0.0,0.0,0.0,0.0,0.0,0.0,0.0,0.0,0.0,0.0,0.0,0.0,0.023247291809820065,0.029354067180243294,0.0,0.0,0.0,0.0,0.0,0.0,0.0,0.0,0.0,0.0,0.0,0.0,0.0,0.0,0.31305389903442643,0.4729660358187666,0.0,0.0,0.0,0.0,0.0,0.2654956491858039,0.0,0.0,0.0,0.0,0.0,0.0,0.0,0.009168021121482624,0.0,0.0,0.0621955031697079,0.0,0.0,0.0,0.0,0.0,0.0,0.22947767079464676,0.0,0.01003337169375583,0.0,0.0,0.04239623041194772,0.2716945587635026,0.2663322280829471,0.0,0.2663322280829471,0.0,0.27542483638522197,0.0,0.0,0.0,0.07683794678805667,0.0,0.0,0.0,0.0,0.0,0.0,0.0,0.0,0.21571746723311985,0.0,0.0,0.0,0.0,0.0,0.0,0.00942364261682142,0.0,0.0,0.0,0.1737719557550257,0.0,0.02062164193978611,0.0,0.021435475820110933,0.0,0.0,0.0,0.0,0.0,0.0,0.0,0.0,0.0,0.0,0.09585953788797409,0.048073822384032926,0.0,0.008725679807099488,0.0,0.0,0.01003337169375583,0.0,0.0,0.0,0.0,0.0,0.0,0.0,0.0,0.0,0.0,0.21571746723311985,0.0,0.0,0.0,0.0,0.0,0.0,0.0,0.0749188441994509,0.0,0.0,0.0,0.0,0.0,0.0,0.11631495436815112,0.0,0.0,0.0,0.040446741063137545,0.39896955533573775,0.0,0.0,0.0,0.0,0.0,0.0,0.0,0.0,0.02111724484041144,0.0,0.0,0.0,0.0,0.0,0.03174237390305821,0.0,0.0,0.0,0.01139108927547142,0.0,0.0,0.0,0.0,0.0,0.0,0.0,0.0,0.0,0.03077612896981802,0.0,0.0,0.0,0.0,0.0,0.2500794558862682,0.0,0.0,0.05454603589595994,0.0,0.06700552772010936,0.0,0.0,0.0,0.3924842684943319,0.0,0.0,0.36440014295605283,0.0,0.10445031246122538,0.0,0.0,0.048356208340773414,0.0,0.0,0.0,0.0,0.0,0.0756040704897021,0.0,0.10568185754639826,0.0,0.0,0.0,0.0,0.05269279425934891,0.0,0.0,0.0,0.0,0.0,0.01003337169375583,0.0,0.0,0.0,0.0,0.0,0.0,0.0,0.0,0.0,0.0,0.0,0.0,0.07426574492446916,0.0,0.0,0.0,0.0,0.0,0.0,0.0,0.0,0.0,0.0,0.0,0.0,0.0,0.25746484350642673,0.02278217855094284,0.4084577510612885,0.0,0.0,0.0,0.0,0.0,0.10438052602405147,0.2506359129208608,0.0,0.0,0.0,0.0,0.0679658219549714,0.0,0.0,0.031823420650267324,0.0,0.0,0.0,0.2654956491858039,0.0,0.010524152047940298,0.0,0.0,0.0,0.0,0.0,0.010849707260529558,0.0,0.0,0.0,0.0,0.0,0.0,2.1596741154666272,0.0,0.0,0.0,0.0,0.0,0.0,0.0,0.0,0.0,0.0,0.0,0.25249853419652685,0.0,0.0,0.0,0.0,0.0,0.33017902133950344,0.0,0.0,0.0,0.02252490569292611,0.0,0.0,0.25592467308975747,0.0,0.0,0.0,0.0,0.0,0.0,0.0,0.0950388870015017,0.0,0.0,0.013076055774546083,0.0,0.0,0.02622301625967295,0.0,0.0
1960,0.0,0.016461080776954982,0.0,0.0,0.0,0.0,0.006373654452078018,0.2130932503021896,0.0,0.0,0.0,0.0,0.0,0.0,0.0,0.0,0.0,0.0,0.0,0.0,0.0,0.012641351433582039,0.0,0.0,0.120686758443116,0.06817284131675354,0.22734628192659398,0.0914186344240464,0.2253641427082576,0.0,0.08518126720458472,0.0,0.0,0.07353795865881664,0.0,0.0,0.0,0.0,0.22631383157789633,0.21597678476877974,0.021153942669765155,0.0,0.0,0.0,0.0,0.0,0.005720240470261104,0.0,0.020318394080772295,0.0,0.0,0.0,0.0,0.0,0.23313507910441716,0.0,0.18454188021018852,0.0,0.0,0.0,0.0,0.0,0.0971624102099845,0.0,0.0,0.0,0.0,0.0,0.0,0.0,0.1723074576786148,0.0,0.0,0.0,0.0,0.0,0.0,0.0,0.006674524675671522,0.12109943458948233,0.0,0.0,0.37719488561685877,0.0,0.0,0.0,0.0,0.0,0.008310364222636975,0.057181822073713744,0.0,0.0,0.0,0.029840992473439725,0.0,0.0,0.0,0.0,0.0,0.330478014601292,0.0,0.0,0.0,0.014740151324176413,0.0,0.02010048188368556,0.0,0.0,0.0,0.0,0.2780582036950009,0.021620908132918174,0.0,0.0124301441710536,0.1760876461214847,0.0,0.0,0.005720240470261104,0.0,0.0,0.0,0.0,0.023991280854133178,0.0,0.0,0.0,0.0,0.0,0.0,0.0475828674571825,0.0,0.0,0.0,0.36917261821747394,0.0,0.0665144421056039,0.0,0.0,0.0,0.0,0.21636320090324865,0.3126083145637194,0.46266922044180886,0.03963761067150532,0.0,0.0,0.0,0.3572791658555664,0.0,0.0,0.0,0.0,0.0,0.007621840040184616,0.0,0.18638993538237014,0.0,0.0,0.21597678476877974,0.0,0.0,0.0,0.0,0.006005670780718235,0.02010048188368556,0.0,0.0,0.0,0.0,0.0,0.0,0.0,0.0,0.0,0.0,0.0,0.0,0.008310364222636975,0.0,0.0,0.0,0.0,0.0,0.0,0.0,0.3622902210760662,0.0,0.0,0.0,0.1915348633272267,0.0,0.0,0.0,0.0,0.0,0.04324181626583635,0.004913226546653544,0.3017314605996865,0.0,0.08798539435963502,0.008310364222636975,0.0,0.0,0.0,0.0,0.0,0.0,0.0,0.0,0.0,0.0,0.005720240470261104,0.02469038502250728,0.11446919212688604,0.0693057341819654,0.0,0.0,0.0,0.0,0.0,0.014916805454816991,0.0,0.0,0.0,0.0,0.0,0.0,0.0,0.0,0.0,0.05358563719193118,0.006897230036615679,0.0,0.0,0.0,0.009469989127497254,0.0,0.0,0.0,0.0,0.2833950545891536,0.0,0.0,0.01014441047870888,0.0,0.02349169317113436,0.0,0.0,0.1216093617577048,0.0,0.0,0.0,0.18792328585418733,0.0,0.0,0.0,0.0,0.46385690411836333,0.38709049249328786,0.165794223831604,0.0,0.0,0.09528730585000265,0.24830527309315886,0.0,0.0,0.0,0.0,0.0,0.0,0.21597678476877974,0.006373654452078018,0.0,0.4549270948595608,0.05331967766123395,0.0,0.06413464862465335,0.0,0.0,0.0,0.0,0.0,0.0,0.0,0.0,0.0,0.19828680876077523,0.03094239130804312,0.0,0.0,0.005998284793223777,0.0,0.0,0.021620908132918174,0.0,0.0,0.0,0.0,0.0,0.0,0.007092653987055749,0.0,0.0,0.0,0.0,0.0,0.0,0.01005024094184278,0.0,0.0,0.0,0.0,0.0,0.0,0.0,0.0,0.0,0.0,0.19972458161888873,0.0,0.0,0.0253890752178616,0.0,0.04672173810243292,0.0,0.0,0.0,0.36717066180344005,0.0,0.0,0.0,0.0,0.0,0.013631097457872856,0.0,0.0,0.0,0.0,0.0,0.021760928913992242,0.0,0.0,0.0,0.0,0.0,0.0,0.0,0.0,0.07372084174001843,0.0,0.21597678476877974,0.0,0.0,0.0,0.0354243818236442,0.21597678476877974,0.0,0.0,0.0,0.26644568919283723,0.0,0.0,0.0,0.0,0.28842283217544495,0.0,0.0,0.0,0.004711698534697434,0.005518484960964922,0.0,0.030963096741594788,0.0,0.30945492624997534,0.0,0.0,0.0,0.0,0.022851052061631745,0.006005670780718235,0.0,0.0,0.12869142765292912,0.0,0.0,0.0,0.0,0.0,0.05339619740537217,0.1676588025423675,0.0,0.0,0.0,0.0,0.0,0.0,0.0,0.0,0.0,0.0,0.1874192856516278,0.0,0.39768573606287705,0.0,0.0,0.0,0.0,0.0,0.004362445246258322,0.0,0.30591210466375157,0.011252246260508305,0.027588920146462716,0.0,0.0,0.0,0.0,0.0,0.0,0.0,0.0,0.019856772078672532,0.0,0.0,0.0,0.0,0.0,0.0,0.0,0.0,0.0,0.006897230036615679,0.0,0.006302363012701896,0.0,0.0,0.30784644152225504,0.0,0.0,0.0,0.0,0.0,0.0,0.0,0.0,0.0,0.0,0.0,0.0,0.0,0.0,0.037512987326113245,0.0,0.3622902210760662,0.0,0.0,0.0,0.1924697826963743,1.888997771020495,0.0,0.0,0.0,0.0,0.0,0.0,0.0,0.0,0.0,0.0,0.0,0.0,0.028289228947237042,0.0,0.0,0.0,0.0,0.35331020771944177,0.0,0.0,0.0,0.0,0.0,0.0,0.0,0.0,0.0,0.22026523991033325,0.22026523991033325,0.0,0.0,0.177121909118221,0.08516820831128835,0.0,0.0,0.0,0.1719412568248124,0.0,0.0,0.0,0.05759304277075064
1970,0.0,0.0,0.0,0.0,0.0,0.0,0.0,0.0,0.1687611932636624,0.0,0.0,0.0,0.0,0.0,0.0,0.0,0.0,0.0,0.0,0.0,0.0,0.0,0.0,0.2025913425748523,0.308148340989133,0.07708773923973282,0.0,0.13960450385455378,0.0,0.0,0.1347488790318485,0.0,0.31210292781740007,0.0,0.0,0.0,0.0,0.013155463187987703,0.0,0.0,0.05329375845680382,0.0,0.0,0.0,0.0,0.0,0.0,0.0,0.2208852188112771,0.0,0.0,0.0,0.0,0.0,0.07207453503127176,0.0,0.0,0.0,0.0,0.0,0.4468381986909397,0.0,0.040281120041149504,0.0,0.0,0.17462960673526334,0.0,0.0,0.0,0.0,0.0,0.0,0.0,0.0,0.0,0.0,0.0,0.0,0.0320246837846424,0.0,0.0,0.0,0.04754640062226542,0.39993630823298715,0.0,0.0,0.0,0.0,0.0,0.0,0.0,0.0,0.0,0.0,0.0,0.0,0.0,0.0,0.0,0.0,0.0,0.0,0.0,0.0,0.0,0.0,0.0,0.0,0.0,0.0,0.0,0.055706414094451435,0.0,0.06548433070151176,0.29391115572121607,0.0,0.0,0.0,0.0,0.0,0.0,0.0,0.06324461562220264,0.04686439063583966,0.06641146188660901,0.0,0.0,0.0,0.0,0.36303523271748833,0.0,0.0,0.24159939823855742,0.05358325691024414,0.0,0.0,0.0,0.0,0.0,0.0,0.0,0.0,0.0,0.06351819092984543,0.0,0.0,0.0,0.0,0.0,0.0,0.028780978404022297,0.0,0.1936756990371918,0.13582600811140044,0.0,0.0,0.0,0.0,0.0,0.0,0.0,0.0,0.0,0.0,0.0,0.0,0.0,0.0,0.0,0.0,0.0,0.0,0.0,0.17339051545411113,0.0,0.0,0.0,0.0,0.2007197198847679,0.0,0.0,0.0,0.0,0.0,0.0,0.0,0.23142790191738902,0.0,0.0,0.0,0.0,0.0,0.0,0.0,0.0,0.0,0.06771188503087174,0.0,0.0,0.05895267852473777,0.21360345907735373,0.0,0.0,0.0,0.0,0.0,0.0,0.0,0.36290763605325954,0.0,0.0,0.0,0.03708059031180573,0.33205730943304507,0.33628004624231356,0.0,0.0,0.0,0.048077528444105413,0.0,0.015568564096333275,0.0,0.26479488821610514,0.2025913425748523,0.0,0.0429842177301701,0.0,0.21281546068513071,0.1873463908571915,0.0,0.0844095072163434,0.0,0.0,0.0,0.0,0.0,0.0,0.0,0.0,0.0,0.0,0.0,0.03023903459574794,0.2942880168371827,0.0,0.2531417898954936,0.0,0.04737924262337634,0.02189984530786565,0.0,0.0,0.0,0.12169556247335667,0.0,0.0,0.0,0.0,0.0,0.0,0.0,0.0,0.0,0.0,0.0,0.0,0.0,0.0,0.0,0.0,0.0,0.0,0.0,0.0,0.0,0.015475336632036485,0.0,0.1485595605836988,0.019678840574904013,0.0,0.0,0.0,0.0,0.0,0.0,0.0,0.21051997200067987,0.0,0.021999768588142527,0.0,0.0,0.0,0.0,0.0,0.055706414094451435,0.0,0.0,0.0,0.0,0.0,0.0,0.012242076446094772,0.0,0.0,0.0,0.0,0.0,0.0,0.0,0.0,0.0,0.0,0.016345409074527927,0.03023903459574794,0.0,0.0,0.0,0.0,0.0,0.0,0.0,0.0,0.0,0.0,0.0,0.0,0.0,0.0,0.0,0.0,0.037571416788853264,0.0,0.0,0.0,0.0,0.0,0.0,0.0,0.0,0.0,0.0,0.0,0.0,0.0,0.0,0.0,0.0,0.24386062977735548,0.30634915181145217,0.24655234693014452,0.0,0.0,0.0,0.0,0.01616353673508247,0.0,0.0,0.0,0.0,0.0,0.30110129012190995,0.0,0.0,0.03877006475212515,0.0,0.0,0.20806861854493336,0.0,0.0,0.13926053892967907,0.058982104701928384,0.0,0.0667363290927282,0.0,0.1446941578577734,0.0,0.0,0.0,0.0,0.0,0.0,0.0,0.0,0.01613181490857749,0.0,0.32513254169623357,0.0,0.0,0.0,0.0,0.2976618938726878,0.0,0.0,0.0,0.0,0.0,0.014397180178753455,0.18306126286231153,0.0,0.0,0.22341909934546986,0.24723028326561025,0.0,0.0,0.0,0.0,0.0,0.0,0.0,0.0,0.0,0.0,0.0,0.050690948432883715,0.0,0.0,0.0,0.0,0.0,0.0,0.0,0.0,0.0,0.0,0.0,0.0,0.0,0.0,0.0,0.13821575311575604,0.0,0.0,0.0,0.0,0.03467083351744975,0.16683993446294648,0.0,0.0,0.0,0.0,0.04432032563206495,0.07432317219838541,0.0,0.0,0.0,0.0,0.10344906335131908,0.0,0.0,0.0,0.0,0.0,0.0,0.0,0.0,0.0,0.0,0.0,0.0,2.40727561185428,0.0,0.022218322165011437,0.24718748680984648,0.19774998944787717,0.0,0.0,0.20806861854493336,0.0,0.0,0.0,0.0,0.0,0.0,0.32016566623520404,0.0,0.0,0.19996815411649357,0.0,0.0,0.0,0.0,0.04785921251631603,0.0,0.0,0.027897944938116755,0.0,0.0,0.0,0.0,0.0,0.032690818149055854,0.0,0.532910501483274,0.0,0.0,0.0,0.02548870569749866,0.0,0.0,0.0,0.0
1980,0.0,0.08872060667409123,0.0,0.0,0.0,0.0,0.0,0.0,0.3880061636659239,0.0,0.0,0.0,0.0,0.0,0.0,0.0,0.0,0.0,0.19498043232725473,0.0,0.564081417492807,0.0,0.0,0.0,0.0,0.0,0.0,0.03284959540686464,0.0,0.0,0.0,0.19498043232725473,0.0,0.1638355668737282,0.0,0.0,0.0,0.05490075098296598,0.0,0.0,0.02627188410727426,0.0,0.0,0.0,0.012152801098644658,0.0,0.0,0.0,0.2120398688599,0.0,0.0,0.0,0.0,0.0,0.06140189189587151,0.0,0.0,0.0,0.0,0.0,0.08652631699419643,0.0,0.05192771416703756,0.0,0.0,0.0,0.0,0.0,0.012152801098644658,0.17820647354206479,0.0,0.0,0.0,0.0,0.2117557550995367,0.0,0.025131076071794645,0.0,0.02205956575498701,0.0,0.0,0.0,0.09335914839444835,0.0,0.0,0.0,0.0,0.0,0.0,0.0,0.0,0.0,0.0,0.0,0.30853964999673744,0.0,0.4319555099954324,0.0,0.0,0.0,0.0,0.0,0.0,0.0,0.0,0.0,0.0,0.0,0.0,0.01110329708122588,0.05417875826739864,0.0,0.0,0.0,0.5858812333602962,0.0,0.0,0.25040187107117085,0.02229629324095617,0.0,0.25891113366338,0.0,0.263776651337435,0.015376285412805462,0.3442022095180023,0.0,0.0,0.0,0.0,0.0,0.0,0.0,0.0,0.35264938949598434,0.0,0.2754594674752201,0.0,0.08652631699419643,0.032636863909489666,0.0,0.0,0.0,0.0,0.04218464587578069,0.0,0.0,0.0,0.045943215879630746,0.0,0.0,0.0,0.0,0.0,0.06785716316148742,0.0,0.0,0.0,0.0,0.0,0.0,0.22052141342863132,0.0,0.0,0.02493422408362199,0.0,0.0,0.0,0.0,0.0,0.0,0.0,0.0,0.0,0.0,0.0,0.0,0.0,0.0,0.0,0.0,0.0,0.22052141342863132,0.0,0.0,0.0,0.0,0.0,0.0,0.0,0.0,0.0,0.0,0.0,0.0,0.0,0.0,0.11111065577751002,0.0,0.0,0.009780967969124102,0.0,0.0,0.0,0.0,0.024843163398263684,0.0,0.0,0.0,0.0,0.0,0.0,0.0,0.040821721005866354,0.0,0.0,0.0,0.0,0.0,0.31136723922480547,0.0,0.0,0.0,0.0,0.0,0.0,0.019441585062194545,0.0,0.0,0.0,0.0,0.0,0.014491488031833913,0.0,0.0,0.302718452918568,0.0,0.012897436049321996,0.0,0.04726138497232033,0.0,0.0,0.0,0.018840405778273447,0.04559919059991617,0.0,0.0,0.0,0.011874590108703568,0.058405894914310044,0.0,0.0,0.0,0.14434955766215168,0.0,0.0,0.0,0.0,0.0,0.22807212649264771,0.0,0.0,0.0,0.0,0.0,0.0,0.0,0.0,0.0,0.0,0.0,0.0,0.0,0.0,0.0,0.04365787186583698,0.01110329708122588,0.07238212536308145,0.2637780865794224,0.17037610411088522,0.0,0.0,0.0,0.0,0.0,0.2557552803005108,0.34530736148846725,0.0,0.15916672076421107,0.0,0.0,0.09423482183596843,0.0,0.0,0.06588685210248016,0.0,0.0,0.0,0.0,0.0,0.0,0.03617485643984207,0.0,0.0,0.3532888967848639,0.0,0.0,0.0,0.0,0.0,0.0,0.0,0.0,0.07100234890527934,0.0,0.0,0.20415938371182396,0.014138748239958058,0.0,0.013231005672998468,0.019058751224506353,0.0,0.0,0.0,0.13490216371132058,0.0,0.0,0.0,0.0,0.302718452918568,0.0,0.0,0.0,0.24683171999738995,0.04736091445800536,0.0,0.0,0.0,0.0,0.0,0.0,0.0,0.0,0.0,0.02493422408362199,0.0,0.0,0.0,0.0,0.07365124407256411,0.2329674493342544,0.0,0.0,0.0,0.031132091407140308,0.0,0.0,0.0,0.0,0.0,0.31855517985649945,0.0,0.0,0.0,0.2799389592830814,0.0,0.0,0.0,0.0,0.0,0.04610427802187904,0.0,0.02274166243431787,0.0,0.1994537888036629,0.0,0.0,0.0,0.0,0.0,0.0,0.0,0.26183350266255934,0.0,0.0,0.0,0.0,0.0,0.0,0.0,0.021712922926461625,0.0,0.0,0.0,0.0,0.0,0.013543567527660193,0.0,0.0,0.0,0.040213213581495426,0.0,0.0,0.0,0.0,0.0,0.0,0.0,0.0,0.10914420290147028,0.0,0.0,0.03428198995222646,0.010981142017080026,0.0,0.0,0.0,0.0,0.0,0.0,0.0,0.0,0.026483274498890336,0.0,0.0,0.0,0.0,0.21740855186760855,0.0,0.07578299815937764,0.0,0.07102734907361902,0.0,0.169932478154098,0.0,0.0,0.0,0.010626570807549533,0.0,0.14996807208770416,0.0,0.03294342605124008,0.0,0.0,0.0,0.0,0.3278292020397635,0.0,0.2174274319203336,0.5218258366088007,0.0,0.0,0.0,0.0,0.0,0.0,0.017460566493098528,0.0,0.02368013051024073,2.1303403294001764,0.0,0.14815735674795244,0.0,0.0,0.0,0.0,0.0,0.0,0.0,0.0,0.0,0.0,0.0,0.0,0.0,0.0,0.0,0.0,0.0,0.0,0.0,0.009793307974232602,0.0,0.014645499780475203,0.263776651337435,0.0,0.0,0.0,0.0,0.0,0.0,0.0,0.14450482086118532,0.19498043232725473,0.302718452918568,0.03789149907968882,0.0,0.0,0.0,0.0,0.0
1990,0.16936640827965677,0.0,0.0,0.0,0.0,0.0,0.0,0.0,0.0,0.0,0.0,0.0,0.0,0.0,0.0,0.0,0.0,0.0,0.0,0.0,0.0,0.0,0.0,0.0,0.0,0.09710136473440788,0.056520708490215565,0.0,0.0,0.0,0.0,0.0,0.0,0.0,0.0,0.0,0.0,0.0,0.0,0.0,0.0,0.0,0.0,0.0,0.0,0.0,0.0,0.18736858694560873,0.42348159763320603,0.3294675345554566,0.0,0.0,0.0,0.0,0.0,0.0,0.0,0.0,0.2811354792521561,0.0,0.0,0.0,0.0,0.0,0.0,0.0,0.0,0.0,0.0,0.0,0.0,0.0,0.0,0.44663588978122387,0.0,0.0,0.31324325038140033,0.0,0.031203074965028412,0.0,0.0,0.0,0.0,0.0,0.0,0.3121469931623009,0.0,0.0,0.0,0.0,0.0,0.0,0.0,0.0,0.0,0.0,0.0,0.0,0.0,0.0,0.0,0.0,0.0,0.21205772713549192,0.0,0.23628074443398003,0.16936640827965677,0.0,0.0,0.06219855110989532,0.0,0.0,0.0,0.0,0.29458634931843086,0.0,0.0,0.0,0.0,0.0,0.0,0.0,0.0,0.0,0.0,0.0,0.0,0.0,0.0,0.025654976463588806,0.0,0.0,0.0,0.7754382956838297,0.0,0.0,0.0,0.26489670668943405,0.0,0.0,0.0,0.0,0.0,0.086160328378266,0.0,0.18736858694560873,0.28360885494460975,0.0,0.0,0.0,0.0,0.0,0.0,0.3754992874034838,0.0,0.0,0.0,0.0,0.0,0.0,0.0,0.17054770580120956,0.0,0.0,0.23628074443398003,0.0,0.0,0.0,0.0,0.0,0.0,0.0,0.0,0.0,0.0,0.0,0.0,0.0,0.0,0.0,0.0,0.0,0.0,0.0,0.0,0.0,0.0,0.0,0.0,0.0,0.0,0.0,0.0,0.0,0.0,0.0,0.06331936331822181,0.016331552869179866,0.0,0.08868569360425743,0.0,0.0,0.0,0.0,0.0,0.0,0.0,0.0,0.0,0.0,0.0,0.0,0.0,0.0,0.0,0.24000417989787937,0.0,0.0,0.11708026113875,0.0,0.0,0.29095368193165555,0.0,0.0,0.0,0.0,0.0,0.045490210524051354,0.0,0.0,0.4123329486249879,0.0,0.0,0.0,0.0,0.296488189486892,0.0,0.0,0.0,0.12288128597077506,0.0,0.0,0.01492300158125637,0.08287937583916623,0.0,0.0,0.0,0.0,0.0,0.0,0.0,0.0,0.44601048924465353,0.02581981769117486,0.0,0.0,0.0,0.0,0.0,0.0,0.0,0.0,0.0,0.0,0.0,0.16380728373188155,0.0,0.0,0.0,0.0,0.0,0.17326914407165295,0.0,0.0,0.022179532045001248,0.0,0.15951634061949643,0.0,0.0,0.0,0.23634071245384147,0.0,0.0,0.0,0.0,0.0,0.0,0.5320548260476767,0.28503863556574116,0.12481229986011365,0.09710136473440788,0.0,0.0,0.0,0.0,0.0,0.0,0.0,0.0,0.0,0.10402756961871029,0.0,0.0,0.0,0.0,0.0,0.0,0.0,0.0,0.0,0.0,0.0,0.10202384026119346,0.0,0.0,0.0,0.23493508111595865,0.0,0.0,0.21905787352327966,0.0,0.2498696210918303,0.0,0.5504442410044397,0.0,0.0,0.0,0.028260354245107783,0.0,0.0,0.0,0.0,0.0,0.0,0.0,0.0,0.21892519228425236,0.0,0.0,0.0,0.0,0.0,0.0,0.0,0.0,0.0,0.0,0.0,0.02421877572859752,0.07541675636251091,0.0,0.0,0.0,0.014546610475581557,0.0,0.0,0.0,0.0,0.0,0.072796539038936,0.0,0.0,0.04675856227448386,0.0,0.0,0.0,0.0,0.0,0.06308193088670513,0.28725915313307776,0.0,0.0,0.0,0.2171060317904675,0.0,0.0,0.0,0.0,0.0,0.0,0.0,0.22557984785933177,0.0,0.4363506836381957,0.0,0.0,0.0,0.0,0.0,0.12752256711809437,0.0,0.0,0.0,0.0,0.0,0.0,0.0,0.0,0.0,0.0,0.0,0.0,0.0,0.0,0.08403149263570381,0.0,0.0,0.0,0.3820365790673742,0.0,0.0,0.0,0.0,0.17718370358573576,0.0,0.0,0.0,0.0,0.0,0.0,0.0,0.0,0.0,0.1885025927459134,0.0,0.0,0.0,0.0,0.0,0.21628096089114518,0.0,0.0,0.0,0.0,0.0,0.11877774681672305,0.0,0.0,0.3494280999346664,0.0,0.4130308575466263,0.0,0.0,0.0,0.0,0.0,0.0,0.0,0.0,0.0,0.0,0.0,0.0,0.0,0.0,0.0,0.0,0.0,2.101659109807733,0.0,0.17528615436904432,0.0,0.0,0.0,0.18736858694560873,0.0,0.0,0.0,0.0,0.0,0.0,0.0,0.0,0.6325548283173513,0.0,0.0,0.24453921727638167,0.0,0.0,0.0,0.21302446387147173,0.0,0.0,0.0,0.0,0.0,0.0,0.0,0.0,0.0,0.0,0.0,0.0,0.0,0.0,0.0,0.0,0.028204069838196285,0.0,0.0
2000,0.0,0.0,0.0,0.0,0.0,0.0,0.0,0.0,0.0,0.0,0.25315399975274805,0.0,0.0,0.0,0.0,0.0,0.0,0.0,0.0,0.0,0.0,0.0,0.0,0.0,0.0,0.0,0.0,0.0,0.0,0.0,0.41828279685687697,0.0,0.0,0.0,0.0,0.0,0.0,0.0,0.0,0.0,0.06835377626439723,0.0,0.0,0.0,0.0,0.0,0.0,0.0,0.09049868519471774,0.0,0.0,0.0,0.0,0.0,0.0,0.0,0.0,0.0,0.0,0.0,0.0,0.0,0.0,0.0,0.0,0.0,0.2227076450511624,0.0,0.0,0.0,0.0,0.0,0.0,0.0,0.0,0.0,0.0,0.0,0.0,0.0,0.0,0.25442104462948767,0.0,0.0,0.0,0.0,0.3925571396136912,0.1962785698068456,0.0,0.0,0.0,0.0,0.0,0.0,0.0,0.0,0.0,0.0,0.0,0.0,0.0,0.0,0.0,0.0,0.0,0.0,0.0,0.16465346398834715,0.0,0.4049263452458094,0.0,0.0,0.0,0.07274621189798863,0.16840174856319923,0.0,0.0,0.04716268933753562,0.0,0.0,0.0,0.0,0.0,0.0,0.0,0.0,0.263579276880088,0.0,0.0,0.07301316487131942,0.24698019598252072,0.0,0.0,0.13585597628795157,0.0,0.09658044317382274,0.0,0.0,0.0,0.0,0.0,0.0,0.0,0.0,0.0,0.0,0.0,0.0,0.3233741108408016,0.0,0.0,0.0,0.0,0.0,0.0,0.0,0.19130161771496138,0.1974078064851792,0.0,0.0,0.0,0.0,0.0,0.0,0.0,0.0,0.0,0.0,0.0,0.0,0.0,0.0,0.0,0.0,0.0,0.0,0.0,0.0,0.0,0.2227076450511624,0.0,0.0,0.0,0.0,0.0,0.0,0.0,0.0,0.0,0.0,0.0,0.0,0.0,0.0,0.0,0.0,0.0,0.0,0.0,0.0,0.0,0.0,0.1868694901432791,0.0,0.0,0.0,0.0,0.0,0.0,0.0,0.0,0.0,0.02500085364896098,0.0,0.04716268933753562,0.39262379393755065,0.28030423521491865,0.0,0.0,0.0,0.0,0.0,0.03509336582524234,0.0,0.16465346398834715,0.0,0.0,0.028244596397162657,0.0,0.0,0.0,0.0,0.0,0.0,0.0,0.0,0.0,0.0,0.0,0.3692174320639584,0.0,0.397783148977742,0.0,0.0,0.0,0.0,0.0,0.0,0.0,0.0,0.0,0.0,0.017956675190538906,0.0,0.0,0.16961402975299178,0.16961402975299178,0.0,0.0,0.0,0.0,0.0,0.0,0.0,0.0,0.21416581494656228,0.16465346398834715,0.1616870554204008,0.06634532397972519,0.0,0.0,0.0,0.0,0.0,0.13942759895229231,0.20816169534266207,0.5687441643172148,0.10666236573496113,0.0,0.21398640070563488,0.0,0.0,0.0,0.0,0.0,0.0,0.0,0.25964375051653543,0.0,0.0,0.0,0.0,0.267958897505793,0.0,0.16961402975299178,0.0,0.0,0.0525500084185159,0.16961402975299178,0.0,0.4276606471427164,0.0,0.25442104462948767,0.0,0.0,0.0,0.0,0.0,0.0,0.0,0.0,0.0,0.0,0.0,0.0,0.0,0.0,0.0,0.0,0.3178232648485819,0.0,0.0,0.0,0.1368304159269251,0.0,0.1610970395819115,0.0,0.0,0.0,0.0,0.0,0.033425490467398185,0.0,0.0,0.0,0.0,0.0,0.0,0.0,0.0,0.0,0.0,0.0,0.0,0.0,0.0,0.0,0.0,0.58051114446109,0.0,0.0,0.0,0.0,0.0,0.0,0.0,0.0,0.0,0.0,0.14271996802643833,0.0,0.0,0.28964105689895003,0.0,0.0,0.0,0.0,0.0,0.0,0.30516686501739965,0.28519179054531196,0.0,0.0,0.07321237275751154,0.0,0.16465346398834715,0.2979490491534519,0.2234617868650889,0.10027647140219456,0.32993150767292356,0.0,0.07963635993315375,0.11887138174139383,0.0,0.17729976134049022,0.0,0.0,0.0,0.0,0.49057500244207985,0.0,0.0,0.0,0.0,0.0,0.0,0.0,0.0,0.0,0.0,0.0,0.0,0.0,0.0,0.24779505238351623,0.0,0.28413082069838713,0.25315399975274805,0.31512483863181434,0.5514704644171515,0.0,0.0,0.0,0.0,0.0,0.0,0.0,0.0,0.0,0.1868694901432791,0.0,0.054139252085074134,0.0,0.0,0.0,0.2227076450511624,0.0,0.0,0.7253720750553809,0.0,0.11339216747488054,0.06204750994575047,0.0,0.30079675319731053,0.0,0.02500085364896098,0.17666024800638955,0.0,0.10990117709025424,0.35193463226214183,0.0,0.20811500111717166,0.0,0.0,0.0,0.05669608373744027,0.0,0.0,0.0,0.0,0.16961402975299178,0.0,0.0,0.0,0.0,0.23410421976554333,0.0,0.0,2.4150939884921656,0.0,0.30418037876678566,0.0,0.0,0.0,0.0,0.0,0.0,0.0,0.0,0.0,0.0,0.0,0.0,0.0,0.0,0.0,0.09433682451248042,0.0,0.0,0.0,0.21873385981483667,0.0,0.1791952994628684,0.0,0.031063078073739765,0.0,0.0,0.0,0.0,0.0,0.0,0.0,0.0,0.0,0.0,0.0,0.0,0.03206273707394596,0.0,0.0
2010,0.0,0.0,0.0,0.0,0.0,0.0,0.0,0.0,0.0,0.0,0.0,0.14199024185948173,0.0,0.0,0.14199024185948173,0.0,0.0,0.0,0.0,0.0,0.0,0.0,0.0,0.0,0.0,0.057915793943512914,0.0,0.0,0.0,0.0,0.06260950408969698,0.0,0.0,0.0,0.0,0.0,0.0,0.0,0.0,0.0,0.4800847095869465,0.20001226899716743,0.0,0.0,0.0,0.0,0.0,0.0,0.0,0.10078669579018679,0.0,0.0,0.0,0.0,0.0,0.16739291364858125,0.0,0.0,0.0,0.0,0.0,0.0,0.0,0.0,0.0,0.0,0.0,0.0,0.0,0.0,0.0,0.0,0.0,0.0,0.0,0.0,0.0,0.0,0.37210278031679256,0.0,0.0,0.0,0.0,0.0,0.0,0.0,0.0,0.0,0.0,0.0,0.20001226899716743,0.2662981223343709,0.0,0.0,0.0,0.0,0.0,0.0,0.0,0.0,0.0,0.0,0.0,0.0,0.0,0.0,0.0,0.0,0.21370606804110434,0.0,0.0,0.0,0.0,0.15466650346957117,0.7707065145253743,0.0,0.0,0.0,0.09599662671718623,0.14199024185948173,0.0,0.0,0.0,0.0,0.08924608196181572,0.0,0.05534528474761571,0.0,0.0,0.0,0.0,0.0,0.0,0.08263736508742765,0.0,0.0,0.0,0.0,0.0,0.0,0.0,0.0,0.0,0.0,0.0,0.0,0.0,0.0,0.0,0.0,0.0,0.0,0.0,0.0,0.0,0.0,0.0,0.04434116330549347,0.0,0.14199024185948173,0.0,0.0,0.16027955103082825,0.17376692008703393,0.0,0.0,0.0,0.0,0.0,0.14188687993522497,0.21313257294836993,0.30001840349575115,0.14175429500534525,0.0,0.14199024185948173,0.0,0.0,0.0,0.0,0.0,0.0,0.0,0.0,0.0,0.0,0.0,0.0,0.6677548949757098,0.1910194122316849,0.0,0.0,0.14199024185948173,0.0,0.0,0.0,0.0,0.0,0.0,0.0,0.3884695581224995,0.0,0.0,0.0,0.0,0.0,0.0,0.0,0.0,0.0,0.0,0.0,0.0,0.0,0.0,0.0,0.022886558613958382,0.0,0.0,0.10235510455367917,0.0,0.0,0.0,0.0,0.0,0.0,0.0,0.0,0.27332341601089427,0.0,0.0,0.0,0.0,0.0,0.20001226899716743,0.0,0.0,0.0,0.0,0.2463679951009705,0.0513897093243644,0.0,0.0,0.2712513818866963,0.0,0.0,0.0,0.0,0.04434116330549347,0.0,0.0,0.14199024185948173,0.02917188681042632,0.1157424466506297,0.11303983744510075,0.5083782208965414,0.0,0.0,0.0,0.0,0.0,0.0,0.0,0.0,0.0,0.0,0.0,0.0,0.0,0.5821612122875485,0.5041890390812878,0.0,0.0,0.0,0.0,0.03344802548388187,0.05330526239126578,0.2120766016902859,0.0,0.0,0.0,0.0,0.0,0.0,0.0,0.0,0.0,0.0,0.17585836017096604,0.0,0.29556840353153174,0.09945876125079625,0.0,0.0,0.0,0.0,0.0,0.0,0.21650551457513548,0.0,0.0,0.04369722003061914,0.14199024185948173,0.0,0.0,0.0,0.0,0.16739291364858125,0.0,0.0,0.0,0.0,0.0,0.30905625272900233,0.0,0.35842989991012814,0.0,0.027672642373807853,0.0,0.0,0.0,0.0,0.0,0.0,0.35881095212100467,0.0,0.0,0.0,0.0,0.0,0.1953635708350405,0.0,0.25934040744780107,0.0,0.0,0.0,0.0,0.029053460356021913,0.0,0.0,0.0,0.0,0.0,0.0,0.2040055438406031,0.14199024185948173,0.0,0.0,0.0,0.0,0.0,0.0,0.0,0.0,0.0,0.0,0.0,0.0,0.0,0.19942042993744702,0.0,0.0,0.0,0.0,0.1036670122698351,0.18293078154208745,0.0,0.0,0.0,0.0,0.020558494971846468,0.0,0.0,0.0,0.050668365865694134,0.0,0.0,0.0,0.0,0.2631907608838571,0.0,0.15984942971127744,0.07907135509263251,0.0,0.0,0.0,0.0,0.0,0.0,0.0,0.02095948886378678,0.14199024185948173,0.0,0.13526741287500835,0.23435007910801373,0.0,0.0,0.0,0.0,0.0,0.0,0.0,0.14199024185948173,0.0,0.6514636792608465,0.0,0.35965892124910986,0.0,0.0,0.3689487036466349,0.0,0.0,0.08889393308691662,0.29503994504209374,0.20157339158037357,0.0,0.3446712216919076,0.0,0.0,0.0,0.0,0.147953381990462,0.5681470134059056,0.0,0.0,0.0,0.0,0.0,0.16671336386886867,0.0,0.0,0.0,0.0,0.0,0.06094710302266435,0.0,0.0,0.19840453743728717,0.23334132859884793,0.13033904271841396,0.0,0.0,0.0,0.14199024185948173,0.0,0.13526741287500835,0.0,0.14199024185948173,0.0,0.0,0.0,0.0,0.0,0.0,0.0,0.0,0.0,0.0,0.0,1.8970544505042202,0.0,0.0,0.0,0.0,0.0,0.0,0.0,0.14199024185948173,0.13526741287500835,0.13526741287500835,0.0,0.0,0.0,0.0,0.0,0.0,0.0,0.2833583373960701,0.0,0.0,0.0,1.0989945161191015,0.0,0.0,0.0,0.3201801961882631,0.0,0.0,0.0,0.3000840549639636,0.0,0.0,0.0,0.0,0.0,0.0,0.21968299287729992,0.030833644351761395,0.0,0.0,0.0
